model_id,display_name,group,category,architecture,encoder,input_mode,subset,miou,dice,pixel_acc
dl_deeplabv3_r34,DeepLabV3 (ResNet34),general,context-atrous,DeepLabV3,resnet34,rgb,4130-steel,0.22975760000588136,0.3157018741866039,0.45522325303819444
dl_deeplabv3_r34,DeepLabV3 (ResNet34),general,context-atrous,DeepLabV3,resnet34,rgb,418-17-4ph-x20,0.19925362723214285,0.24261553605802805,0.3985072544642857
dl_deeplabv3_r34,DeepLabV3 (ResNet34),general,context-atrous,DeepLabV3,resnet34,rgb,418-17-4ph-x5,0.5609050328716806,0.6364271802187329,0.9292947048611111
dl_deeplabv3_r34,DeepLabV3 (ResNet34),general,context-atrous,DeepLabV3,resnet34,rgb,5884-armor-steel,0.29756602058528064,0.4169803254627095,0.5215347532242064
dl_deeplabv3_r34,DeepLabV3 (ResNet34),general,context-atrous,DeepLabV3,resnet34,rgb,6280-cast-iron-high,0.4078179253472222,0.44922432736627327,0.8156358506944444
dl_deeplabv3_r34,DeepLabV3 (ResNet34),general,context-atrous,DeepLabV3,resnet34,rgb,6280-cast-iron-low,0.17082598909217775,0.24913152961855045,0.4490732520517677
dl_deeplabv3p_effb0,DeepLabV3+ (EfficientNet-B0),general,context-atrous,DeepLabV3Plus,tu-efficientnet_b0,rgb,4130-steel,0.47805593977922484,0.6339131772147083,0.6582722981770833
dl_deeplabv3p_effb0,DeepLabV3+ (EfficientNet-B0),general,context-atrous,DeepLabV3Plus,tu-efficientnet_b0,rgb,418-17-4ph-x20,0.43529050985708534,0.49857005991374365,0.8112909226190477
dl_deeplabv3p_effb0,DeepLabV3+ (EfficientNet-B0),general,context-atrous,DeepLabV3Plus,tu-efficientnet_b0,rgb,418-17-4ph-x5,0.7611362645248851,0.8463436501996271,0.9716970486111112
dl_deeplabv3p_effb0,DeepLabV3+ (EfficientNet-B0),general,context-atrous,DeepLabV3Plus,tu-efficientnet_b0,rgb,5884-armor-steel,0.634289755270585,0.7698385005211337,0.7930979249338624
dl_deeplabv3p_effb0,DeepLabV3+ (EfficientNet-B0),general,context-atrous,DeepLabV3Plus,tu-efficientnet_b0,rgb,6280-cast-iron-high,0.5214544200522309,0.6391484144461068,0.8136311848958334
dl_deeplabv3p_effb0,DeepLabV3+ (EfficientNet-B0),general,context-atrous,DeepLabV3Plus,tu-efficientnet_b0,rgb,6280-cast-iron-low,0.43015250203420463,0.5771115439908486,0.6852608112373737
dl_deeplabv3p_r34,DeepLabV3+ (ResNet34),general,context-atrous,DeepLabV3Plus,resnet34,rgb,4130-steel,0.5164841351352261,0.6725218290160927,0.6953023274739583
dl_deeplabv3p_r34,DeepLabV3+ (ResNet34),general,context-atrous,DeepLabV3Plus,resnet34,rgb,418-17-4ph-x20,0.46482685353680336,0.5496144512293998,0.8003937251984128
dl_deeplabv3p_r34,DeepLabV3+ (ResNet34),general,context-atrous,DeepLabV3Plus,resnet34,rgb,418-17-4ph-x5,0.7448474518677485,0.8332356936533521,0.9668543836805555
dl_deeplabv3p_r34,DeepLabV3+ (ResNet34),general,context-atrous,DeepLabV3Plus,resnet34,rgb,5884-armor-steel,0.46173570234239303,0.6035748024626523,0.6736756985780423
dl_deeplabv3p_r34,DeepLabV3+ (ResNet34),general,context-atrous,DeepLabV3Plus,resnet34,rgb,6280-cast-iron-high,0.4513244344509344,0.5250807824817156,0.8253228081597221
dl_deeplabv3p_r34,DeepLabV3+ (ResNet34),general,context-atrous,DeepLabV3Plus,resnet34,rgb,6280-cast-iron-low,0.24021704700908017,0.3497740207937325,0.5107619160353536
dl_fpn_r34,FPN (ResNet34),general,pyramid,FPN,resnet34,rgb,4130-steel,0.3906176226594419,0.5349302683709964,0.610067409939236
dl_fpn_r34,FPN (ResNet34),general,pyramid,FPN,resnet34,rgb,418-17-4ph-x20,0.3325500902362724,0.4126138435019074,0.6218817170965609
dl_fpn_r34,FPN (ResNet34),general,pyramid,FPN,resnet34,rgb,418-17-4ph-x5,0.6654024363886267,0.7611849347769072,0.9469097222222222
dl_fpn_r34,FPN (ResNet34),general,pyramid,FPN,resnet34,rgb,5884-armor-steel,0.4506389180782589,0.593391455108183,0.6628262958829365
dl_fpn_r34,FPN (ResNet34),general,pyramid,FPN,resnet34,rgb,6280-cast-iron-high,0.34906376898327235,0.5079948432722029,0.5364366319444445
dl_fpn_r34,FPN (ResNet34),general,pyramid,FPN,resnet34,rgb,6280-cast-iron-low,0.2723320685952855,0.41203265804398215,0.516394412878788
dl_linknet_r34,LinkNet (ResNet34),general,lightweight,Linknet,resnet34,rgb,4130-steel,0.4604953847336034,0.6221723225167746,0.6438774956597222
dl_linknet_r34,LinkNet (ResNet34),general,lightweight,Linknet,resnet34,rgb,418-17-4ph-x20,0.395063797121808,0.4672742633044897,0.745340660135582
dl_linknet_r34,LinkNet (ResNet34),general,lightweight,Linknet,resnet34,rgb,418-17-4ph-x5,0.6990148645079873,0.792804769809495,0.9554741753472222
dl_linknet_r34,LinkNet (ResNet34),general,lightweight,Linknet,resnet34,rgb,5884-armor-steel,0.6810806235260982,0.8064322033798194,0.8189690806878306
dl_linknet_r34,LinkNet (ResNet34),general,lightweight,Linknet,resnet34,rgb,6280-cast-iron-high,0.4078741469812169,0.4493395730193554,0.8156358506944444
dl_linknet_r34,LinkNet (ResNet34),general,lightweight,Linknet,resnet34,rgb,6280-cast-iron-low,0.27673453965137806,0.41090616796062884,0.5306902028093434
dl_manet_r34,MAnet (ResNet34),general,attention,MAnet,resnet34,rgb,4130-steel,0.6687884032599543,0.7943133928578643,0.8066521538628472
dl_manet_r34,MAnet (ResNet34),general,attention,MAnet,resnet34,rgb,418-17-4ph-x20,0.3687174046747778,0.4613650724161912,0.6600387008101852
dl_manet_r34,MAnet (ResNet34),general,attention,MAnet,resnet34,rgb,418-17-4ph-x5,0.7584839067017154,0.8446244956596037,0.9703624131944444
dl_manet_r34,MAnet (ResNet34),general,attention,MAnet,resnet34,rgb,5884-armor-steel,0.6334500159541682,0.7685765305504466,0.7826580067791005
dl_manet_r34,MAnet (ResNet34),general,attention,MAnet,resnet34,rgb,6280-cast-iron-high,0.5658876681120937,0.7009442701858999,0.793484157986111
dl_manet_r34,MAnet (ResNet34),general,attention,MAnet,resnet34,rgb,6280-cast-iron-low,0.40259638944809384,0.5619995094814088,0.6306867503156566
dl_pspnet_r34,PSPNet (ResNet34),general,pyramid,PSPNet,resnet34,rgb,4130-steel,0.2995372369378542,0.4028665047138983,0.5517957899305556
dl_pspnet_r34,PSPNet (ResNet34),general,pyramid,PSPNet,resnet34,rgb,418-17-4ph-x20,0.3123398997626466,0.36766722222913334,0.6170299065806878
dl_pspnet_r34,PSPNet (ResNet34),general,pyramid,PSPNet,resnet34,rgb,418-17-4ph-x5,0.7415167112289461,0.8282912166990556,0.97185546875
dl_pspnet_r34,PSPNet (ResNet34),general,pyramid,PSPNet,resnet34,rgb,5884-armor-steel,0.4592837850425927,0.5871979328123784,0.6732817150297619
dl_pspnet_r34,PSPNet (ResNet34),general,pyramid,PSPNet,resnet34,rgb,6280-cast-iron-high,0.13969208047054993,0.2406543448174055,0.2506293402777778
dl_pspnet_r34,PSPNet (ResNet34),general,pyramid,PSPNet,resnet34,rgb,6280-cast-iron-low,0.21351122292146443,0.3125464882551017,0.45719154434974746
dl_segformer_b0,SegFormer (MiT-B0),general,transformer,Segformer,mit_b0,rgb,4130-steel,0.49062563149343275,0.6519190133734091,0.6682671440972222
dl_segformer_b0,SegFormer (MiT-B0),general,transformer,Segformer,mit_b0,rgb,418-17-4ph-x20,0.4371753886260547,0.51001461851401,0.7999971581514551
dl_segformer_b0,SegFormer (MiT-B0),general,transformer,Segformer,mit_b0,rgb,418-17-4ph-x5,0.7750414320497744,0.8573387620547405,0.9744498697916667
dl_segformer_b0,SegFormer (MiT-B0),general,transformer,Segformer,mit_b0,rgb,5884-armor-steel,0.5978867280199366,0.7359127084835675,0.7626048900462963
dl_segformer_b0,SegFormer (MiT-B0),general,transformer,Segformer,mit_b0,rgb,6280-cast-iron-high,0.4627177548045081,0.5422812693175074,0.8299587673611111
dl_segformer_b0,SegFormer (MiT-B0),general,transformer,Segformer,mit_b0,rgb,6280-cast-iron-low,0.331213200261586,0.4806184382825339,0.5626553622159091
dl_segformer_b2,SegFormer (MiT-B2),general,transformer,Segformer,mit_b2,rgb,4130-steel,0.5473261943255364,0.7003316960753752,0.7120388454861111
dl_segformer_b2,SegFormer (MiT-B2),general,transformer,Segformer,mit_b2,rgb,418-17-4ph-x20,0.30493890761405607,0.3531484084024581,0.6095261346726191
dl_segformer_b2,SegFormer (MiT-B2),general,transformer,Segformer,mit_b2,rgb,418-17-4ph-x5,0.7527050034452833,0.8386314963322395,0.9692274305555556
dl_segformer_b2,SegFormer (MiT-B2),general,transformer,Segformer,mit_b2,rgb,5884-armor-steel,0.494936141781795,0.6432072603813415,0.6920392071759259
dl_segformer_b2,SegFormer (MiT-B2),general,transformer,Segformer,mit_b2,rgb,6280-cast-iron-high,0.5077334888625815,0.6507892140576235,0.7383924696180555
dl_segformer_b2,SegFormer (MiT-B2),general,transformer,Segformer,mit_b2,rgb,6280-cast-iron-low,0.4232529071049458,0.5816532941716006,0.6542253590593434
dl_unet_effb0,U-Net (EfficientNet-B0),general,encoder-decoder,Unet,tu-efficientnet_b0,rgb,4130-steel,0.647395981373256,0.7809100750360918,0.7869377983940973
dl_unet_effb0,U-Net (EfficientNet-B0),general,encoder-decoder,Unet,tu-efficientnet_b0,rgb,418-17-4ph-x20,0.44283246897579026,0.5218056542549141,0.7962549603174603
dl_unet_effb0,U-Net (EfficientNet-B0),general,encoder-decoder,Unet,tu-efficientnet_b0,rgb,418-17-4ph-x5,0.7701613769752952,0.853671645785492,0.974189453125
dl_unet_effb0,U-Net (EfficientNet-B0),general,encoder-decoder,Unet,tu-efficientnet_b0,rgb,5884-armor-steel,0.6855949476134464,0.8068103191435192,0.8245300615906085
dl_unet_effb0,U-Net (EfficientNet-B0),general,encoder-decoder,Unet,tu-efficientnet_b0,rgb,6280-cast-iron-high,0.4824870837951855,0.5724535998164726,0.8341281467013889
dl_unet_effb0,U-Net (EfficientNet-B0),general,encoder-decoder,Unet,tu-efficientnet_b0,rgb,6280-cast-iron-low,0.3955667306063671,0.5408626562033344,0.6635322956123738
dl_unet_r34,U-Net (ResNet34),general,encoder-decoder,Unet,resnet34,rgb,4130-steel,0.634445367100028,0.7705044714141994,0.78134765625
dl_unet_r34,U-Net (ResNet34),general,encoder-decoder,Unet,resnet34,rgb,418-17-4ph-x20,0.400764167013873,0.4918641761025917,0.7145324384093915
dl_unet_r34,U-Net (ResNet34),general,encoder-decoder,Unet,resnet34,rgb,418-17-4ph-x5,0.7593151695959515,0.8448793349967534,0.9716351996527777
dl_unet_r34,U-Net (ResNet34),general,encoder-decoder,Unet,resnet34,rgb,5884-armor-steel,0.6450960746146264,0.7713530075048816,0.7996445105820106
dl_unet_r34,U-Net (ResNet34),general,encoder-decoder,Unet,resnet34,rgb,6280-cast-iron-high,0.4835699806721284,0.5742861270844929,0.8338487413194444
dl_unet_r34,U-Net (ResNet34),general,encoder-decoder,Unet,resnet34,rgb,6280-cast-iron-low,0.23966786276642574,0.3574870836349964,0.48944769965277773
dl_unetpp_r34,U-Net++ (ResNet34),general,encoder-decoder,UnetPlusPlus,resnet34,rgb,4130-steel,0.5891253597278133,0.734665434482111,0.7412421332465278
dl_unetpp_r34,U-Net++ (ResNet34),general,encoder-decoder,UnetPlusPlus,resnet34,rgb,418-17-4ph-x20,0.40854596724226333,0.503081421431913,0.7281694361772486
dl_unetpp_r34,U-Net++ (ResNet34),general,encoder-decoder,UnetPlusPlus,resnet34,rgb,418-17-4ph-x5,0.7262862873732107,0.8180756834732993,0.962529296875
dl_unetpp_r34,U-Net++ (ResNet34),general,encoder-decoder,UnetPlusPlus,resnet34,rgb,5884-armor-steel,0.5107346459352627,0.6498577553336434,0.7076267464451058
dl_unetpp_r34,U-Net++ (ResNet34),general,encoder-decoder,UnetPlusPlus,resnet34,rgb,6280-cast-iron-high,0.5075556367744622,0.6471037706000906,0.7470024956597222
dl_unetpp_r34,U-Net++ (ResNet34),general,encoder-decoder,UnetPlusPlus,resnet34,rgb,6280-cast-iron-low,0.441789250243338,0.5964688860973634,0.6758478338068182
dl_upernet_b0,UPerNet (MiT-B0),general,transformer,UPerNet,mit_b0,rgb,4130-steel,0.2744511978551402,0.3526114568321678,0.5487820095486111
dl_upernet_b0,UPerNet (MiT-B0),general,transformer,UPerNet,mit_b0,rgb,418-17-4ph-x20,0.30752427122156945,0.3599629155334689,0.6074477099867724
dl_upernet_b0,UPerNet (MiT-B0),general,transformer,UPerNet,mit_b0,rgb,418-17-4ph-x5,0.7294119993029752,0.8191886711817226,0.9714420572916667
dl_upernet_b0,UPerNet (MiT-B0),general,transformer,UPerNet,mit_b0,rgb,5884-armor-steel,0.31334819012932785,0.4074178971271387,0.5577050264550264
dl_upernet_b0,UPerNet (MiT-B0),general,transformer,UPerNet,mit_b0,rgb,6280-cast-iron-high,0.28597071596590473,0.4332254474078202,0.4527018229166667
dl_upernet_b0,UPerNet (MiT-B0),general,transformer,UPerNet,mit_b0,rgb,6280-cast-iron-low,0.19912124431092185,0.29375762511347975,0.4618968000315657
dl_upernet_b2,UPerNet (MiT-B2),general,transformer,UPerNet,mit_b2,rgb,4130-steel,0.3108068267324112,0.4201973387891663,0.557281494140625
dl_upernet_b2,UPerNet (MiT-B2),general,transformer,UPerNet,mit_b2,rgb,418-17-4ph-x20,0.3959748160185986,0.4919186983050328,0.6990198206018519
dl_upernet_b2,UPerNet (MiT-B2),general,transformer,UPerNet,mit_b2,rgb,418-17-4ph-x5,0.7642325992831899,0.8486599886195815,0.9738237847222223
dl_upernet_b2,UPerNet (MiT-B2),general,transformer,UPerNet,mit_b2,rgb,5884-armor-steel,0.5533409797001252,0.6864819936353683,0.7493928778108466
dl_upernet_b2,UPerNet (MiT-B2),general,transformer,UPerNet,mit_b2,rgb,6280-cast-iron-high,0.4892291868001898,0.6161117021644934,0.7632405598958333
dl_upernet_b2,UPerNet (MiT-B2),general,transformer,UPerNet,mit_b2,rgb,6280-cast-iron-low,0.17001105138163083,0.24408505523791285,0.45837279040404044
metal_deeplabv3p_clahe_r34,Metal-DeepLabV3+ CLAHE (ResNet34),metallography,micrograph-contrast,DeepLabV3Plus,resnet34,clahe_rgb,4130-steel,0.5360439753742126,0.6880235412290239,0.710439724392361
metal_deeplabv3p_clahe_r34,Metal-DeepLabV3+ CLAHE (ResNet34),metallography,micrograph-contrast,DeepLabV3Plus,resnet34,clahe_rgb,418-17-4ph-x20,0.24408538166546676,0.32237938651687137,0.43348911830357145
metal_deeplabv3p_clahe_r34,Metal-DeepLabV3+ CLAHE (ResNet34),metallography,micrograph-contrast,DeepLabV3Plus,resnet34,clahe_rgb,418-17-4ph-x5,0.7629509374185794,0.8477039548911267,0.9722504340277777
metal_deeplabv3p_clahe_r34,Metal-DeepLabV3+ CLAHE (ResNet34),metallography,micrograph-contrast,DeepLabV3Plus,resnet34,clahe_rgb,5884-armor-steel,0.4010890448155286,0.5348250092349018,0.6244380890376984
metal_deeplabv3p_clahe_r34,Metal-DeepLabV3+ CLAHE (ResNet34),metallography,micrograph-contrast,DeepLabV3Plus,resnet34,clahe_rgb,6280-cast-iron-high,0.4873478277204157,0.5827865698394409,0.8289632161458333
metal_deeplabv3p_clahe_r34,Metal-DeepLabV3+ CLAHE (ResNet34),metallography,micrograph-contrast,DeepLabV3Plus,resnet34,clahe_rgb,6280-cast-iron-low,0.4065036664533703,0.5563324257108396,0.6604743726325757
metal_fpn_gabor_r34,Metal-FPN Gabor Stack (ResNet34),metallography,texture-aware,FPN,resnet34,gabor3,4130-steel,0.31607468615995404,0.43846029923889346,0.55196533203125
metal_fpn_gabor_r34,Metal-FPN Gabor Stack (ResNet34),metallography,texture-aware,FPN,resnet34,gabor3,418-17-4ph-x20,0.3431416011740226,0.47142274250886973,0.5722087880291005
metal_fpn_gabor_r34,Metal-FPN Gabor Stack (ResNet34),metallography,texture-aware,FPN,resnet34,gabor3,418-17-4ph-x5,0.6893761248931161,0.7821880014822504,0.9537076822916667
metal_fpn_gabor_r34,Metal-FPN Gabor Stack (ResNet34),metallography,texture-aware,FPN,resnet34,gabor3,5884-armor-steel,0.40891504442352444,0.5505546881188184,0.6217912946428571
metal_fpn_gabor_r34,Metal-FPN Gabor Stack (ResNet34),metallography,texture-aware,FPN,resnet34,gabor3,6280-cast-iron-high,0.4943458705358596,0.6226400844010574,0.7648518880208334
metal_fpn_gabor_r34,Metal-FPN Gabor Stack (ResNet34),metallography,texture-aware,FPN,resnet34,gabor3,6280-cast-iron-low,0.26652661284050044,0.4008974206333653,0.5137335266729798
metal_linknet_edge4_r34,Metal-LinkNet RGB+Sobel (ResNet34),metallography,edge-aware,Linknet,resnet34,edge4,4130-steel,0.5203146190843533,0.6792360220500608,0.691677517361111
metal_linknet_edge4_r34,Metal-LinkNet RGB+Sobel (ResNet34),metallography,edge-aware,Linknet,resnet34,edge4,418-17-4ph-x20,0.3969999065253225,0.5022327350874851,0.6889661354993386
metal_linknet_edge4_r34,Metal-LinkNet RGB+Sobel (ResNet34),metallography,edge-aware,Linknet,resnet34,edge4,418-17-4ph-x5,0.7497656090433265,0.8368201380735287,0.9695334201388889
metal_linknet_edge4_r34,Metal-LinkNet RGB+Sobel (ResNet34),metallography,edge-aware,Linknet,resnet34,edge4,5884-armor-steel,0.6699397763796878,0.7938972928472975,0.8230639260912699
metal_linknet_edge4_r34,Metal-LinkNet RGB+Sobel (ResNet34),metallography,edge-aware,Linknet,resnet34,edge4,6280-cast-iron-high,0.4262730240341198,0.5002346660069106,0.7927381727430556
metal_linknet_edge4_r34,Metal-LinkNet RGB+Sobel (ResNet34),metallography,edge-aware,Linknet,resnet34,edge4,6280-cast-iron-low,0.28068214701951427,0.4059760842491111,0.5588477548926768
metal_manet_edge4_effb0,Metal-MAnet RGB+Sobel (EfficientNet-B0),metallography,edge-aware,MAnet,tu-efficientnet_b0,edge4,4130-steel,0.6664838228933815,0.7939753797475257,0.8010240342881945
metal_manet_edge4_effb0,Metal-MAnet RGB+Sobel (EfficientNet-B0),metallography,edge-aware,MAnet,tu-efficientnet_b0,edge4,418-17-4ph-x20,0.45995302146117467,0.5465994968786928,0.8055116360780423
metal_manet_edge4_effb0,Metal-MAnet RGB+Sobel (EfficientNet-B0),metallography,edge-aware,MAnet,tu-efficientnet_b0,edge4,418-17-4ph-x5,0.7669400434507218,0.8510455116647073,0.9727864583333333
metal_manet_edge4_effb0,Metal-MAnet RGB+Sobel (EfficientNet-B0),metallography,edge-aware,MAnet,tu-efficientnet_b0,edge4,5884-armor-steel,0.6749200183724943,0.8009615098542123,0.8193927744708995
metal_manet_edge4_effb0,Metal-MAnet RGB+Sobel (EfficientNet-B0),metallography,edge-aware,MAnet,tu-efficientnet_b0,edge4,6280-cast-iron-high,0.5072771738996334,0.6105846316853778,0.8326904296875
metal_manet_edge4_effb0,Metal-MAnet RGB+Sobel (EfficientNet-B0),metallography,edge-aware,MAnet,tu-efficientnet_b0,edge4,6280-cast-iron-low,0.36912221039993826,0.525680001855324,0.5958584872159091
metal_mlography_unet_vgg16_gray,MLography U-Net (2022-style),metallography,metallography-original,Unet,vgg16,gray,4130-steel,0.38163814591066203,0.5212925689318504,0.5921732584635417
metal_mlography_unet_vgg16_gray,MLography U-Net (2022-style),metallography,metallography-original,Unet,vgg16,gray,418-17-4ph-x20,0.2534786008598629,0.33874045339425785,0.48275514632936506
metal_mlography_unet_vgg16_gray,MLography U-Net (2022-style),metallography,metallography-original,Unet,vgg16,gray,418-17-4ph-x5,0.5679355531841584,0.6699994963867593,0.8684450954861112
metal_mlography_unet_vgg16_gray,MLography U-Net (2022-style),metallography,metallography-original,Unet,vgg16,gray,5884-armor-steel,0.612907731573832,0.7494666204826187,0.7719649057539681
metal_mlography_unet_vgg16_gray,MLography U-Net (2022-style),metallography,metallography-original,Unet,vgg16,gray,6280-cast-iron-high,0.4882163699722531,0.583371129981367,0.8302788628472222
metal_mlography_unet_vgg16_gray,MLography U-Net (2022-style),metallography,metallography-original,Unet,vgg16,gray,6280-cast-iron-low,0.2861097704678627,0.4250448846158832,0.5254917337436869
metal_segformer_clahe_b0,Metal-SegFormer CLAHE (MiT-B0),metallography,micrograph-contrast,Segformer,mit_b0,clahe_rgb,4130-steel,0.47387853535598534,0.6220385828946456,0.6761250813802083
metal_segformer_clahe_b0,Metal-SegFormer CLAHE (MiT-B0),metallography,micrograph-contrast,Segformer,mit_b0,clahe_rgb,418-17-4ph-x20,0.4089409584642886,0.5029528466261595,0.7297014508928571
metal_segformer_clahe_b0,Metal-SegFormer CLAHE (MiT-B0),metallography,micrograph-contrast,Segformer,mit_b0,clahe_rgb,418-17-4ph-x5,0.771002562130752,0.8538983405347185,0.9739322916666667
metal_segformer_clahe_b0,Metal-SegFormer CLAHE (MiT-B0),metallography,micrograph-contrast,Segformer,mit_b0,clahe_rgb,5884-armor-steel,0.6475046464898004,0.7790905760266785,0.8016686817956349
metal_segformer_clahe_b0,Metal-SegFormer CLAHE (MiT-B0),metallography,micrograph-contrast,Segformer,mit_b0,clahe_rgb,6280-cast-iron-high,0.4823910389046245,0.6339691466247899,0.696750217013889
metal_segformer_clahe_b0,Metal-SegFormer CLAHE (MiT-B0),metallography,micrograph-contrast,Segformer,mit_b0,clahe_rgb,6280-cast-iron-low,0.42482598848016123,0.57033093912687,0.6853791824494949
metal_segformer_gray_b2,Metal-SegFormer Gray (MiT-B2),metallography,micrograph-contrast,Segformer,mit_b2,gray,4130-steel,0.36741790744740255,0.5109272003558208,0.5696438259548611
metal_segformer_gray_b2,Metal-SegFormer Gray (MiT-B2),metallography,micrograph-contrast,Segformer,mit_b2,gray,418-17-4ph-x20,0.3044420560572767,0.35275401999517075,0.6085250289351852
metal_segformer_gray_b2,Metal-SegFormer Gray (MiT-B2),metallography,micrograph-contrast,Segformer,mit_b2,gray,418-17-4ph-x5,0.746897989127626,0.8343685972631757,0.9679318576388889
metal_segformer_gray_b2,Metal-SegFormer Gray (MiT-B2),metallography,micrograph-contrast,Segformer,mit_b2,gray,5884-armor-steel,0.4515836709723693,0.5942946176986246,0.6642601376488095
metal_segformer_gray_b2,Metal-SegFormer Gray (MiT-B2),metallography,micrograph-contrast,Segformer,mit_b2,gray,6280-cast-iron-high,0.49511987063343943,0.5959166116074716,0.8264784071180555
metal_segformer_gray_b2,Metal-SegFormer Gray (MiT-B2),metallography,micrograph-contrast,Segformer,mit_b2,gray,6280-cast-iron-low,0.37337684918373487,0.5225306761988633,0.6292169744318182
metal_unet_clahe_r34,Metal-U-Net CLAHE (ResNet34),metallography,micrograph-contrast,Unet,resnet34,clahe_rgb,4130-steel,0.5809420319323111,0.7306716219333633,0.73460693359375
metal_unet_clahe_r34,Metal-U-Net CLAHE (ResNet34),metallography,micrograph-contrast,Unet,resnet34,clahe_rgb,418-17-4ph-x20,0.45369322401959333,0.5374384014454547,0.8009595114087301
metal_unet_clahe_r34,Metal-U-Net CLAHE (ResNet34),metallography,micrograph-contrast,Unet,resnet34,clahe_rgb,418-17-4ph-x5,0.7495099388180748,0.8372413847199482,0.9683799913194444
metal_unet_clahe_r34,Metal-U-Net CLAHE (ResNet34),metallography,micrograph-contrast,Unet,resnet34,clahe_rgb,5884-armor-steel,0.6494113907315409,0.7830539357403359,0.7950148809523809
metal_unet_clahe_r34,Metal-U-Net CLAHE (ResNet34),metallography,micrograph-contrast,Unet,resnet34,clahe_rgb,6280-cast-iron-high,0.48160474701615125,0.5712488655858691,0.8336859809027779
metal_unet_clahe_r34,Metal-U-Net CLAHE (ResNet34),metallography,micrograph-contrast,Unet,resnet34,clahe_rgb,6280-cast-iron-low,0.36712294011659874,0.5164598184530163,0.6225413312815656
metal_unet_edge4_r34,Metal-U-Net RGB+Sobel (ResNet34),metallography,edge-aware,Unet,resnet34,edge4,4130-steel,0.5901821459900194,0.7316350346887559,0.7520989312065972
metal_unet_edge4_r34,Metal-U-Net RGB+Sobel (ResNet34),metallography,edge-aware,Unet,resnet34,edge4,418-17-4ph-x20,0.44556709174100806,0.5253776534421196,0.8015188388723546
metal_unet_edge4_r34,Metal-U-Net RGB+Sobel (ResNet34),metallography,edge-aware,Unet,resnet34,edge4,418-17-4ph-x5,0.7624117861550264,0.8474906950364997,0.9711089409722221
metal_unet_edge4_r34,Metal-U-Net RGB+Sobel (ResNet34),metallography,edge-aware,Unet,resnet34,edge4,5884-armor-steel,0.6481144640813687,0.7762529304873199,0.7978980654761905
metal_unet_edge4_r34,Metal-U-Net RGB+Sobel (ResNet34),metallography,edge-aware,Unet,resnet34,edge4,6280-cast-iron-high,0.4898552822979105,0.5933381641344793,0.8152669270833334
metal_unet_edge4_r34,Metal-U-Net RGB+Sobel (ResNet34),metallography,edge-aware,Unet,resnet34,edge4,6280-cast-iron-low,0.42685694965968524,0.5760394074378531,0.6743731257891414
metal_unet_gabor_r34,Metal-U-Net Gabor Stack (ResNet34),metallography,texture-aware,Unet,resnet34,gabor3,4130-steel,0.6297515962116629,0.7652101422975924,0.7681728786892361
metal_unet_gabor_r34,Metal-U-Net Gabor Stack (ResNet34),metallography,texture-aware,Unet,resnet34,gabor3,418-17-4ph-x20,0.3251235827622783,0.3928199738629307,0.6185244605654762
metal_unet_gabor_r34,Metal-U-Net Gabor Stack (ResNet34),metallography,texture-aware,Unet,resnet34,gabor3,418-17-4ph-x5,0.7506250745775194,0.8369587379189193,0.9692241753472223
metal_unet_gabor_r34,Metal-U-Net Gabor Stack (ResNet34),metallography,texture-aware,Unet,resnet34,gabor3,5884-armor-steel,0.6821267355169305,0.8071215226417321,0.8178995122354497
metal_unet_gabor_r34,Metal-U-Net Gabor Stack (ResNet34),metallography,texture-aware,Unet,resnet34,gabor3,6280-cast-iron-high,0.5257617444560292,0.6340544519321175,0.8393690321180556
metal_unet_gabor_r34,Metal-U-Net Gabor Stack (ResNet34),metallography,texture-aware,Unet,resnet34,gabor3,6280-cast-iron-low,0.45430462238901836,0.6001757617568159,0.7060078322285354
metal_unet_gray_r34,Metal-U-Net Gray (ResNet34),metallography,micrograph-contrast,Unet,resnet34,gray,4130-steel,0.5906139670773752,0.7383099120722267,0.7475762261284722
metal_unet_gray_r34,Metal-U-Net Gray (ResNet34),metallography,micrograph-contrast,Unet,resnet34,gray,418-17-4ph-x20,0.24017369265204805,0.3455466174732285,0.44300801917989424
metal_unet_gray_r34,Metal-U-Net Gray (ResNet34),metallography,micrograph-contrast,Unet,resnet34,gray,418-17-4ph-x5,0.7641819524121581,0.8476024650120381,0.9751280381944444
metal_unet_gray_r34,Metal-U-Net Gray (ResNet34),metallography,micrograph-contrast,Unet,resnet34,gray,5884-armor-steel,0.6446077472585234,0.777038337138069,0.793763175843254
metal_unet_gray_r34,Metal-U-Net Gray (ResNet34),metallography,micrograph-contrast,Unet,resnet34,gray,6280-cast-iron-high,0.3292632550702853,0.4865019042944495,0.5114013671875
metal_unet_gray_r34,Metal-U-Net Gray (ResNet34),metallography,micrograph-contrast,Unet,resnet34,gray,6280-cast-iron-low,0.15412798065348113,0.2655692592292864,0.2618667140151515
metal_unet_lbp_r34,Metal-U-Net LBP Stack (ResNet34),metallography,texture-aware,Unet,resnet34,lbp3,4130-steel,0.5778246781829266,0.7273201205567215,0.7417100694444445
metal_unet_lbp_r34,Metal-U-Net LBP Stack (ResNet34),metallography,texture-aware,Unet,resnet34,lbp3,418-17-4ph-x20,0.24740472365071994,0.35703288312082143,0.422617755869709
metal_unet_lbp_r34,Metal-U-Net LBP Stack (ResNet34),metallography,texture-aware,Unet,resnet34,lbp3,418-17-4ph-x5,0.5819308725096753,0.6497377793232201,0.9580946180555556
metal_unet_lbp_r34,Metal-U-Net LBP Stack (ResNet34),metallography,texture-aware,Unet,resnet34,lbp3,5884-armor-steel,0.6795146920033973,0.8050452895162233,0.8169281167328043
metal_unet_lbp_r34,Metal-U-Net LBP Stack (ResNet34),metallography,texture-aware,Unet,resnet34,lbp3,6280-cast-iron-high,0.4666984728655835,0.5497844097504416,0.8286458333333334
metal_unet_lbp_r34,Metal-U-Net LBP Stack (ResNet34),metallography,texture-aware,Unet,resnet34,lbp3,6280-cast-iron-low,0.3236962984592309,0.4711707061655041,0.5736663510101011
metal_unetpp_clahe_effb0,Metal-U-Net++ CLAHE (EfficientNet-B0),metallography,micrograph-contrast,UnetPlusPlus,tu-efficientnet_b0,clahe_rgb,4130-steel,0.6879591079347369,0.8087072332888882,0.81536865234375
metal_unetpp_clahe_effb0,Metal-U-Net++ CLAHE (EfficientNet-B0),metallography,micrograph-contrast,UnetPlusPlus,tu-efficientnet_b0,clahe_rgb,418-17-4ph-x20,0.4509480487327953,0.5384082840270198,0.7923383763227514
metal_unetpp_clahe_effb0,Metal-U-Net++ CLAHE (EfficientNet-B0),metallography,micrograph-contrast,UnetPlusPlus,tu-efficientnet_b0,clahe_rgb,418-17-4ph-x5,0.7285246365375971,0.8199185196271236,0.9633756510416667
metal_unetpp_clahe_effb0,Metal-U-Net++ CLAHE (EfficientNet-B0),metallography,micrograph-contrast,UnetPlusPlus,tu-efficientnet_b0,clahe_rgb,5884-armor-steel,0.5794866377807942,0.7159276568747872,0.7514700107473545
metal_unetpp_clahe_effb0,Metal-U-Net++ CLAHE (EfficientNet-B0),metallography,micrograph-contrast,UnetPlusPlus,tu-efficientnet_b0,clahe_rgb,6280-cast-iron-high,0.5591840866431705,0.6762466308808772,0.8414957682291666
metal_unetpp_clahe_effb0,Metal-U-Net++ CLAHE (EfficientNet-B0),metallography,micrograph-contrast,UnetPlusPlus,tu-efficientnet_b0,clahe_rgb,6280-cast-iron-low,0.4942365301253707,0.6376501775371836,0.7299212831439394
metal_unetpp_gray_r34,Metal-U-Net++ Gray (ResNet34),metallography,micrograph-contrast,UnetPlusPlus,resnet34,gray,4130-steel,0.35500496874750814,0.49714231022919436,0.5660244411892361
metal_unetpp_gray_r34,Metal-U-Net++ Gray (ResNet34),metallography,micrograph-contrast,UnetPlusPlus,resnet34,gray,418-17-4ph-x20,0.29327672581457964,0.39149154934614977,0.5353538876488095
metal_unetpp_gray_r34,Metal-U-Net++ Gray (ResNet34),metallography,micrograph-contrast,UnetPlusPlus,resnet34,gray,418-17-4ph-x5,0.7376783145912426,0.8275687248633727,0.9675716145833333
metal_unetpp_gray_r34,Metal-U-Net++ Gray (ResNet34),metallography,micrograph-contrast,UnetPlusPlus,resnet34,gray,5884-armor-steel,0.5781837709874762,0.7168817844243657,0.7582852802579365
metal_unetpp_gray_r34,Metal-U-Net++ Gray (ResNet34),metallography,micrograph-contrast,UnetPlusPlus,resnet34,gray,6280-cast-iron-high,0.41567547850540754,0.46546163325141493,0.8150661892361111
metal_unetpp_gray_r34,Metal-U-Net++ Gray (ResNet34),metallography,micrograph-contrast,UnetPlusPlus,resnet34,gray,6280-cast-iron-low,0.23017040695572852,0.3447338861961329,0.48143298216540403
metal_upernet_clahe_b2,Metal-UPerNet CLAHE (MiT-B2),metallography,micrograph-contrast,UPerNet,mit_b2,clahe_rgb,4130-steel,0.2934301339153869,0.38881986160969023,0.5569078233506944
metal_upernet_clahe_b2,Metal-UPerNet CLAHE (MiT-B2),metallography,micrograph-contrast,UPerNet,mit_b2,clahe_rgb,418-17-4ph-x20,0.3080504368803246,0.3591932930138869,0.611795738260582
metal_upernet_clahe_b2,Metal-UPerNet CLAHE (MiT-B2),metallography,micrograph-contrast,UPerNet,mit_b2,clahe_rgb,418-17-4ph-x5,0.5796049714005372,0.6816978865230253,0.8313671875
metal_upernet_clahe_b2,Metal-UPerNet CLAHE (MiT-B2),metallography,micrograph-contrast,UPerNet,mit_b2,clahe_rgb,5884-armor-steel,0.2954887837349794,0.4123944344379185,0.5257419808201058
metal_upernet_clahe_b2,Metal-UPerNet CLAHE (MiT-B2),metallography,micrograph-contrast,UPerNet,mit_b2,clahe_rgb,6280-cast-iron-high,0.4189999026018322,0.5712454785247176,0.635403103298611
metal_upernet_clahe_b2,Metal-UPerNet CLAHE (MiT-B2),metallography,micrograph-contrast,UPerNet,mit_b2,clahe_rgb,6280-cast-iron-low,0.2392609064697826,0.36533663276377903,0.41190469144570707
